t,x,y,z,battery
1783111625.904604,,,,100.0
1783111625.925972,-0.1888788640499115,0.0029637333936989307,0.7388177514076233,100.0
1783111625.9440289,-0.5358389616012573,0.0029759882017970085,2.103872060775757,100.0
1783111625.9637032,-0.8474011421203613,0.00269812042824924,3.340088129043579,100.0
1783111625.9838028,-1.1290332078933716,0.012727195397019386,4.451502799987793,100.0
1783111626.004072,-1.2603362798690796,0.013813357800245285,4.965858459472656,100.0
1783111626.0238159,-1.5007350444793701,0.01106379646807909,5.9226274490356445,100.0
1783111626.0447,-1.717185616493225,0.009287349879741669,6.7840962409973145,100.0
1783111626.0640461,-1.9134539365768433,0.008808494545519352,7.562955379486084,100.0
1783111626.0850308,-2.0945279598236084,0.007829226553440094,8.264217376708984,100.0
1783111626.104369,-2.2563111782073975,0.004019139800220728,8.897160530090332,100.0
1783111626.124276,-2.33117938041687,0.0024923691526055336,9.19064712524414,100.0
1783111626.1436858,-2.4704580307006836,,9.730311393737793,100.0
1783111626.164675,-2.5952579975128174,,10.221959114074707,100.0
1783111626.184309,-2.653761148452759,,10.449223518371582,100.0
1783111626.205428,-2.76143479347229,,10.867676734924316,100.0
1783111626.2247932,-2.8583476543426514,,11.246164321899414,100.0
1783111626.244033,-2.945669651031494,,11.588210105895996,100.0
1783111626.264385,-2.9842472076416016,,11.746264457702637,100.0
1783111626.283951,-3.059046506881714,,12.039081573486328,100.0
1783111626.307435,-3.127087354660034,,12.304451942443848,100.0
1783111626.324696,-3.1881158351898193,,12.543915748596191,100.0
1783111626.345396,-3.215102195739746,,12.653708457946777,100.0
1783111626.3645592,-3.2676146030426025,0.00534918112680316,12.857662200927734,100.0
1783111626.384728,-3.3134660720825195,0.009045788086950779,13.042644500732422,100.0
1783111626.404248,-3.356273651123047,0.006595592014491558,13.207500457763672,100.0
1783111626.423688,-3.393528938293457,0.0018852008506655693,13.359573364257812,100.0
1783111626.443719,-3.412262201309204,0.0008383895037695765,13.428805351257324,100.0
1783111626.464951,-3.446085214614868,,13.560019493103027,100.0
1783111626.484031,-3.475651502609253,,13.67613697052002,100.0
1783111626.5052202,-3.5020642280578613,,13.781804084777832,100.0
1783111626.524329,-3.5254311561584473,,13.875747680664062,100.0
1783111626.544822,-3.535337209701538,,13.921024322509766,100.0
1783111626.564318,-3.5558102130889893,,14.00345516204834,100.0
1783111626.5845702,-3.574629306793213,,14.0768461227417,100.0
1783111626.605891,-3.589094877243042,,14.141533851623535,100.0
1783111626.623843,-3.604755401611328,,14.200034141540527,100.0
1783111626.6439219,-3.6130714416503906,,14.226278305053711,100.0
1783111626.664063,-3.6267828941345215,,14.277027130126953,100.0
1783111626.6850371,-3.6391634941101074,,14.32381534576416,100.0
1783111626.7067149,-3.6494696140289307,,14.36347484588623,100.0
1783111626.724853,-3.6530823707580566,,14.38376235961914,100.0
1783111626.744349,-3.6604719161987305,,14.419652938842773,100.0
1783111626.7643058,-3.6710305213928223,,14.453021049499512,100.0
1783111626.7848032,-3.673571825027466,,14.467491149902344,100.0
1783111626.804516,-3.6811909675598145,,14.49787425994873,100.0
1783111626.824747,-3.6878583431243896,,14.519686698913574,100.0
1783111626.844845,-3.6932036876678467,,14.543149948120117,100.0
1783111626.86374,-3.69465708732605,,14.553844451904297,100.0
1783111626.883733,-3.700349807739258,,14.571432113647461,100.0
1783111626.903619,-3.7052972316741943,,14.58914852142334,100.0
1783111626.923975,-3.7109434604644775,,14.606608390808105,100.0
1783111626.943715,-3.7171318531036377,,14.621313095092773,100.0
1783111626.964149,-3.720548629760742,,14.634669303894043,100.0
1783111626.98418,-3.7231273651123047,,14.639633178710938,100.0
1783111627.006625,-3.7263455390930176,,14.649317741394043,100.0
1783111627.0256069,-3.727005958557129,,14.657318115234375,100.0
1783111627.0439749,-3.7281887531280518,0.004461200907826424,14.660143852233887,100.0
1783111627.065275,-3.7291698455810547,0.011430676095187664,14.669678688049316,100.0
1783111627.084306,-3.7293121814727783,0.021555576473474503,14.676782608032227,100.0
1783111627.1060228,-3.73297119140625,0.02119572088122368,14.682657241821289,100.0
1783111627.123722,-3.734403133392334,0.012592146173119545,14.688318252563477,100.0
1783111627.1441548,-3.7361483573913574,0.010511518456041813,14.689815521240234,100.0
1783111627.163879,-3.73860764503479,0.0008301112102344632,14.695722579956055,100.0
1783111627.184336,-3.7400200366973877,,14.700151443481445,100.0
1783111627.2048352,-3.741117477416992,,14.705738067626953,100.0
1783111627.2238579,-3.739910364151001,,14.708248138427734,100.0
1783111627.2440698,-3.7418160438537598,,14.71330738067627,100.0
1783111627.264181,-3.741776466369629,,14.714581489562988,100.0
1783111627.284461,-3.74041485786438,,14.71584701538086,100.0
1783111627.3037481,-3.742018222808838,,14.719283103942871,100.0
1783111627.323832,-3.743586540222168,,14.721914291381836,100.0
1783111627.344565,-3.7470123767852783,,14.724164962768555,100.0
1783111627.36444,-3.7466275691986084,0.0018893470987677574,14.726896286010742,100.0
1783111627.384376,-3.7464797496795654,0.004863794893026352,14.731558799743652,100.0
1783111627.4041688,-3.746535539627075,0.004733009729534388,14.735177040100098,100.0
1783111627.423692,-3.7459359169006348,0.003015387337654829,14.737897872924805,100.0
1783111627.444779,-3.7448997497558594,0.0034288265742361546,14.740195274353027,100.0
1783111627.4641678,-3.7467939853668213,0.0029447285924106836,14.742754936218262,100.0
1783111627.484477,-3.7439377307891846,,14.74593734741211,100.0
1783111627.5052538,-3.7454702854156494,0.00016166502609848976,14.746688842773438,100.0
1783111627.524809,-3.742661714553833,,14.745590209960938,100.0
1783111627.544721,-3.7425832748413086,,14.744853019714355,100.0
1783111627.564211,-3.743607997894287,,14.74565315246582,100.0
1783111627.5843651,-3.7453343868255615,,14.746406555175781,100.0
1783111627.605806,-3.743865966796875,,14.747353553771973,100.0
1783111627.625515,-3.7429323196411133,,14.748832702636719,100.0
1783111627.644165,-3.7447333335876465,,14.749361038208008,100.0
1783111627.663955,-3.7454707622528076,,14.751252174377441,100.0
1783111627.6845891,-3.7462594509124756,,14.75086498260498,100.0
1783111627.705363,-3.7468395233154297,,14.751225471496582,100.0
1783111627.724674,-3.749023675918579,0.0024202861823141575,14.750898361206055,100.0
1783111627.744365,-3.75150465965271,0.0012732576578855515,14.750356674194336,100.0
1783111627.763854,-3.7525415420532227,0.0025076521560549736,14.752266883850098,100.0
1783111627.784138,-3.7505345344543457,0.011522418819367886,14.75024127960205,100.0
1783111627.809356,-3.751811981201172,0.015642700716853142,14.74988842010498,100.0
1783111627.830972,-3.752375602722168,0.022427011281251907,14.749593734741211,100.0
1783111627.845143,-3.7522940635681152,0.025392012670636177,14.748888969421387,100.0
1783111627.865643,-3.751666307449341,0.027165690436959267,14.747010231018066,100.0
1783111627.8901708,-3.7517812252044678,0.0308991651982069,14.748035430908203,100.0
1783111627.906293,-3.7487854957580566,0.041237372905015945,14.747342109680176,100.0
1783111627.9305558,-3.7476608753204346,0.04352932423353195,14.748025894165039,100.0
1783111627.951416,-3.7496418952941895,0.04802805930376053,14.749815940856934,100.0
1783111627.9673128,-3.7481701374053955,0.05466616153717041,14.74930477142334,100.0
1783111627.985516,-3.746880531311035,0.05725467950105667,14.750825881958008,100.0
1783111628.0076952,-3.7451226711273193,0.059308864176273346,14.749127388000488,100.0
1783111628.024853,-3.7457289695739746,0.0624607652425766,14.748174667358398,100.0
1783111628.044304,-3.7446913719177246,0.06085806339979172,14.748469352722168,100.0
1783111628.064862,-3.7452242374420166,0.05762897804379463,14.750025749206543,100.0
1783111628.084267,-3.746703863143921,0.054194189608097076,14.747257232666016,100.0
1783111628.109293,-3.7486352920532227,0.052329566329717636,14.74832534790039,100.0
1783111628.1249971,-3.750560760498047,0.05066351965069771,14.749740600585938,100.0
1783111628.144935,-3.7518129348754883,0.04516606032848358,14.749824523925781,100.0
1783111628.165359,-3.7527079582214355,0.04679493233561516,14.74889850616455,100.0
1783111628.1862662,-3.7523512840270996,0.043646544218063354,14.747974395751953,100.0
1783111628.2042959,-3.752490282058716,0.03488544002175331,14.749350547790527,100.0
1783111628.2245,-3.752668857574463,0.030593914911150932,14.751384735107422,100.0
1783111628.244128,-3.7557547092437744,0.026798471808433533,14.750000953674316,100.0
1783111628.2648141,-3.756892442703247,0.02054152637720108,14.748932838439941,100.0
1783111628.284966,-3.7564191818237305,0.008256731554865837,14.751015663146973,100.0
1783111628.30599,-3.7539899349212646,,14.75025749206543,100.0
1783111628.325046,-3.754181385040283,,14.749861717224121,100.0
1783111628.34923,-3.75429105758667,,14.750732421875,100.0
1783111628.365184,-3.7551000118255615,,14.752144813537598,100.0
1783111628.384307,-3.7565207481384277,,14.750566482543945,100.0
1783111628.407508,-3.755976915359497,,14.751968383789062,100.0
1783111628.424459,-3.7557497024536133,,14.752358436584473,100.0
1783111628.445131,-3.7548577785491943,,14.751680374145508,100.0
1783111628.46447,-3.754638671875,,14.755280494689941,100.0
1783111628.484585,-3.7549471855163574,,14.754894256591797,100.0
1783111628.506284,-3.753297805786133,,14.753801345825195,100.0
1783111628.527046,-3.7496883869171143,,14.753400802612305,100.0
1783111628.544072,-3.74829363822937,,14.756471633911133,100.0
1783111628.5637991,-3.7509922981262207,,14.755607604980469,100.0
1783111628.58404,-3.752610683441162,,14.756555557250977,100.0
1783111628.604712,-3.7519454956054688,,14.75578784942627,100.0
1783111628.626097,-3.7515101432800293,,14.754463195800781,100.0
1783111628.643845,-3.750981092453003,,14.754378318786621,100.0
1783111628.6645372,-3.748358726501465,,14.754488945007324,100.0
1783111628.683682,-3.7465591430664062,,14.754581451416016,100.0
1783111628.707597,-3.7494795322418213,,14.751924514770508,100.0
1783111628.7258508,-3.7501657009124756,,14.75141716003418,100.0
1783111628.74462,-3.7501821517944336,,14.752679824829102,100.0
1783111628.763789,-3.7499196529388428,,14.755020141601562,100.0
1783111628.784197,-3.75297212600708,,14.754720687866211,100.0
1783111628.803702,-3.7513465881347656,,14.755404472351074,100.0
1783111628.825131,-3.7508773803710938,,14.755857467651367,100.0
1783111628.844651,-3.7497658729553223,,14.754093170166016,100.0
1783111628.864683,-3.7508790493011475,,14.752301216125488,100.0
1783111628.8836591,-3.7517080307006836,,14.752397537231445,100.0
1783111628.903717,-3.7520740032196045,,14.75152587890625,100.0
1783111628.923994,-3.751920461654663,,14.752127647399902,100.0
1783111628.944462,-3.7487235069274902,,14.75182056427002,100.0
1783111628.964944,-3.746281147003174,,14.748772621154785,100.0
1783111628.986218,-3.745854616165161,,14.749835014343262,100.0
1783111629.0072398,-3.745717763900757,,14.751066207885742,100.0
1783111629.025141,-3.7465033531188965,,14.750153541564941,100.0
1783111629.045254,-3.7444279193878174,,14.747390747070312,100.0
1783111629.0639732,-3.744455337524414,,14.74817943572998,100.0
1783111629.085003,-3.744243860244751,,14.748188972473145,100.0
1783111629.106074,-3.743399143218994,,14.746684074401855,100.0
1783111629.124471,-3.7448248863220215,,14.746374130249023,100.0
1783111629.144405,-3.7475359439849854,,14.745889663696289,100.0
1783111629.164132,-3.7485928535461426,,14.744369506835938,100.0
1783111629.184294,-3.7484986782073975,,14.745600700378418,100.0
1783111629.206987,-3.750417709350586,,14.74466609954834,100.0
1783111629.224292,-3.747603416442871,,14.746641159057617,100.0
1783111629.244595,-3.747180223464966,,14.746112823486328,100.0
1783111629.264878,-3.747135877609253,,14.7476806640625,100.0
1783111629.284432,-3.748875617980957,,14.746755599975586,100.0
1783111629.306515,-3.747473955154419,,14.747587203979492,100.0
1783111629.324152,-3.746960401535034,,14.748461723327637,100.0
1783111629.344855,-3.7490603923797607,,14.74731159210205,100.0
1783111629.365289,-3.7518088817596436,,14.745034217834473,100.0
1783111629.3837829,-3.7540342807769775,,14.74619197845459,100.0
1783111629.406626,-3.755117654800415,,14.750020980834961,100.0
1783111629.4249349,-3.7547733783721924,,14.750555992126465,100.0
1783111629.4448588,-3.7536139488220215,0.0008358623599633574,14.753582954406738,100.0
1783111629.465389,-3.752535820007324,0.00796465016901493,14.751925468444824,100.0
1783111629.485041,-3.7544236183166504,0.008989153429865837,14.752777099609375,100.0
1783111629.5069299,-3.752931833267212,0.012723691761493683,14.753509521484375,100.0
1783111629.5241432,-3.753511428833008,0.014547603204846382,14.75341796875,100.0
1783111629.5447009,-3.7546939849853516,0.015162314288318157,14.752413749694824,100.0
1783111629.564029,-3.752354383468628,0.01837429404258728,14.749836921691895,100.0
1783111629.5850072,-3.7512621879577637,0.021076198667287827,14.750779151916504,100.0
1783111629.608494,-3.7531657218933105,0.02500024065375328,14.752176284790039,100.0
1783111629.6246002,-3.754340171813965,0.02573317103087902,14.752447128295898,100.0
1783111629.644591,-3.7516345977783203,0.030176691710948944,14.752540588378906,100.0
1783111629.663935,-3.7503316402435303,0.032053906470537186,14.752225875854492,100.0
1783111629.684085,-3.7480435371398926,0.029231077060103416,14.753387451171875,100.0
1783111629.706673,-3.7503411769866943,0.028341827914118767,14.752596855163574,100.0
1783111629.7243462,-3.752110719680786,0.01999834179878235,14.75006103515625,100.0
1783111629.744631,-3.7537267208099365,0.0186249278485775,14.751114845275879,100.0
1783111629.765034,-3.752676010131836,0.01958320289850235,14.750855445861816,100.0
1783111629.784523,-3.756040334701538,0.014377961866557598,14.749346733093262,100.0
1783111629.8059788,-3.7531867027282715,0.008791555650532246,14.751209259033203,100.0
1783111629.8247921,-3.74912166595459,,14.750761985778809,100.0
1783111629.844958,-3.7506258487701416,,14.750630378723145,100.0
1783111629.8646212,-3.749605178833008,,14.748942375183105,100.0
1783111629.8846421,-3.7469520568847656,,14.748886108398438,100.0
1783111629.906879,-3.7455506324768066,,14.747944831848145,100.0
1783111629.924812,-3.744837522506714,,14.746930122375488,100.0
1783111629.9447129,-3.744539737701416,,14.747264862060547,100.0
1783111629.964648,-3.7471165657043457,,14.744582176208496,100.0
1783111629.98475,-3.749910354614258,,14.745553970336914,100.0
1783111630.005404,-3.7520394325256348,,14.7479887008667,100.0
1783111630.024847,-3.7525854110717773,,14.749006271362305,100.0
1783111630.044629,-3.7527756690979004,,14.75092601776123,100.0
1783111630.064072,-3.75289249420166,,14.752964973449707,100.0
1783111630.0841348,-3.7549023628234863,0.007925709709525108,14.751118659973145,100.0
1783111630.1051111,-3.7555744647979736,0.014595250599086285,14.74793815612793,100.0
1783111630.125522,-3.7542130947113037,0.016961388289928436,14.746613502502441,100.0
1783111630.1439319,-3.750967502593994,0.014604862779378891,14.749423027038574,100.0
1783111630.1646159,-3.750673770904541,0.011643855832517147,14.751760482788086,100.0
1783111630.184491,-3.749922275543213,0.01192398276180029,14.753530502319336,100.0
1783111630.204629,-3.751530885696411,0.008872549049556255,14.752691268920898,100.0
1783111630.224427,-3.7496426105499268,0.006915148347616196,14.754182815551758,100.0
1783111630.2446,-3.74787974357605,0.004713053349405527,14.754230499267578,100.0
1783111630.2647371,-3.750839948654175,0.005826066248118877,14.753944396972656,100.0
1783111630.2854311,-3.751163959503174,0.005879470147192478,14.756575584411621,100.0
1783111630.3038661,-3.750519275665283,0.0038699216675013304,14.754916191101074,100.0
1783111630.324415,-3.747667074203491,0.007378799840807915,14.754552841186523,100.0
1783111630.3445451,-3.7474658489227295,0.0030994729604572058,14.755340576171875,100.0
1783111630.364001,-3.7493107318878174,,14.753974914550781,100.0
1783111630.384293,-3.7482964992523193,,14.752923965454102,100.0
1783111630.4054148,-3.7495903968811035,,14.753488540649414,100.0
1783111630.42536,-3.748614549636841,,14.75379753112793,100.0
1783111630.4437969,-3.7506000995635986,,14.751545906066895,100.0
1783111630.4655318,-3.747164249420166,,14.752132415771484,100.0
1783111630.4839602,-3.7484371662139893,,14.751770973205566,100.0
1783111630.507645,-3.7480576038360596,,14.749629974365234,100.0
1783111630.524797,-3.747957229614258,,14.749163627624512,100.0
1783111630.543874,-3.74826979637146,,14.749801635742188,100.0
1783111630.564627,-3.7497243881225586,,14.749547004699707,100.0
1783111630.584094,-3.7497739791870117,,14.748215675354004,100.0
1783111630.608073,-3.7477660179138184,,14.748619079589844,100.0
1783111630.624275,-3.749488592147827,,14.748187065124512,100.0
1783111630.6440582,-3.748695135116577,,14.75161075592041,100.0
1783111630.664948,-3.7504165172576904,,14.75322151184082,100.0
1783111630.683952,-3.7496371269226074,0.004535627085715532,14.753851890563965,100.0
1783111630.706996,-3.7488315105438232,0.01094788871705532,14.755025863647461,100.0
1783111630.724163,-3.7458248138427734,0.011014577932655811,14.755400657653809,100.0
1783111630.7446258,-3.747465133666992,0.01097849104553461,14.756953239440918,100.0
1783111630.7644968,-3.7478208541870117,0.009525517001748085,14.756378173828125,100.0
1783111630.785376,-3.748401641845703,0.013167457655072212,14.756634712219238,100.0
1783111630.805774,-3.749894618988037,0.013902246952056885,14.755671501159668,100.0
1783111630.8242428,-3.7494492530822754,0.013692231848835945,14.756242752075195,100.0
1783111630.843791,-3.7485198974609375,0.010579245164990425,14.755873680114746,100.0
1783111630.864387,-3.7511584758758545,0.002710375003516674,14.757024765014648,100.0
1783111630.8842182,-3.752215623855591,0.005163137335330248,14.755022048950195,100.0
1783111630.903905,-3.7509753704071045,0.00793229229748249,14.756071090698242,100.0
1783111630.924639,-3.7492027282714844,0.0056791724637150764,14.75264835357666,100.0
1783111630.944159,-3.748927116394043,0.008580837398767471,14.75403881072998,100.0
1783111630.964067,-3.75148868560791,0.014041159301996231,14.751737594604492,100.0
1783111630.984496,-3.7543344497680664,0.013039681129157543,14.751367568969727,100.0
1783111631.005549,-3.7547619342803955,0.01189384888857603,14.750434875488281,100.0
1783111631.0245278,-3.7573678493499756,0.01219317689538002,14.75228214263916,100.0
1783111631.044093,-3.759673595428467,0.016846811398863792,14.752764701843262,100.0
1783111631.064288,-3.7601897716522217,0.01990976184606552,14.751511573791504,100.0
1783111631.08431,-3.757779836654663,0.025838537141680717,14.751686096191406,100.0
1783111631.105759,-3.75703763961792,0.027221735566854477,14.754448890686035,100.0
1783111631.124937,-3.757606029510498,0.025687729939818382,14.754218101501465,100.0
1783111631.144667,-3.7546403408050537,0.03282956779003143,14.7570219039917,100.0
1783111631.1638248,-3.7533771991729736,0.04385984316468239,14.752824783325195,100.0
1783111631.184174,-3.751023530960083,0.048077989369630814,14.752689361572266,100.0
1783111631.205206,-3.7519631385803223,0.05150791257619858,14.750690460205078,100.0
1783111631.223825,-3.752688407897949,0.05070790275931358,14.75009536743164,100.0
1783111631.244718,-3.7497966289520264,0.04573352262377739,14.750831604003906,100.0
1783111631.265047,-3.746914863586426,0.042798202484846115,14.751081466674805,100.0
1783111631.284162,-3.7484381198883057,0.038462795317173004,14.751665115356445,100.0
1783111631.305121,-3.748331069946289,0.0338166318833828,14.754199028015137,100.0
1783111631.3246531,-3.749410629272461,0.0310965646058321,14.752449035644531,100.0
1783111631.344509,-3.7480762004852295,0.03381570801138878,14.753240585327148,100.0
1783111631.3660219,-3.7472941875457764,0.032674532383680344,14.751089096069336,100.0
1783111631.384563,-3.750042676925659,0.0346963033080101,14.75277042388916,100.0
1783111631.404604,-3.7502102851867676,0.029330700635910034,14.751374244689941,100.0
1783111631.424753,-3.7508721351623535,0.02439931221306324,14.750815391540527,100.0
1783111631.4447649,-3.750877857208252,0.024889182299375534,14.753084182739258,100.0
1783111631.464927,-3.7506449222564697,0.019284894689917564,14.753201484680176,100.0
1783111631.484382,-3.750523090362549,0.011927196756005287,14.751670837402344,100.0
1783111631.5042639,-3.751713514328003,0.011037164367735386,14.750284194946289,100.0
1783111631.525763,-3.751278877258301,0.007375654298812151,14.749467849731445,100.0
1783111631.544151,-3.7507317066192627,0.010313481092453003,14.750885963439941,100.0
1783111631.564586,-3.749701738357544,0.008643011562526226,14.749505043029785,100.0
1783111631.5845912,-3.752248764038086,0.0026669232174754143,14.747745513916016,100.0
1783111631.6050959,-3.751615524291992,0.0015766425058245659,14.746748924255371,100.0
1783111631.625846,-3.7494359016418457,0.004410654306411743,14.75026798248291,100.0
1783111631.643924,-3.74798846244812,0.004958522506058216,14.752554893493652,100.0
1783111631.663816,-3.7500407695770264,0.0011244225315749645,14.750452041625977,100.0
1783111631.684461,-3.7517220973968506,0.00020841695368289948,14.749814987182617,100.0
1783111631.704073,-3.7517220973968506,,14.753190040588379,100.0
1783111631.725513,-3.7512247562408447,0.0031950408592820168,14.752960205078125,100.0
1783111631.7441401,-3.7506864070892334,0.0031947835814207792,14.75256633758545,100.0
1783111631.7644742,-3.749985694885254,0.00932302325963974,14.751042366027832,100.0
1783111631.783723,-3.7487123012542725,0.011456014588475227,14.748181343078613,100.0
1783111631.806762,-3.748054265975952,0.014720719307661057,14.749655723571777,100.0
1783111631.823869,-3.7489192485809326,0.012474458664655685,14.747137069702148,100.0
1783111631.8445241,-3.7470524311065674,0.0149156479164958,14.748215675354004,100.0
1783111631.8646631,-3.745515823364258,0.01183947641402483,14.748394012451172,100.0
1783111631.8837838,-3.7472455501556396,0.008088167756795883,14.75055980682373,100.0
1783111631.906935,-3.746331214904785,0.009956260211765766,14.751981735229492,100.0
1783111631.9248629,-3.7454535961151123,0.007518548518419266,14.751220703125,100.0
1783111631.9438899,-3.7459592819213867,0.008907502517104149,14.751526832580566,100.0
1783111631.965023,-3.7463650703430176,0.013901217840611935,14.751336097717285,100.0
1783111631.984712,-3.7478551864624023,0.008644039742648602,14.749456405639648,100.0
1783111632.0071502,-3.7481818199157715,0.006957049481570721,14.748237609863281,100.0
1783111632.024956,-3.7471466064453125,0.007333370856940746,14.748763084411621,100.0
1783111632.044099,-3.7466628551483154,0.010354628786444664,14.747315406799316,100.0
1783111632.063902,-3.745170831680298,0.0030363297555595636,14.744815826416016,100.0
1783111632.084671,-3.742868423461914,0.005932926200330257,14.74526596069336,100.0
1783111632.1066298,-3.744680166244507,0.004703824874013662,14.745534896850586,100.0
1783111632.12449,-3.74774432182312,,14.747962951660156,100.0
1783111632.144175,-3.745957612991333,,14.749171257019043,100.0
1783111632.164865,-3.748875141143799,0.006253302562981844,14.74659538269043,100.0
1783111632.183866,-3.748255729675293,0.004870777018368244,14.745706558227539,100.0
1783111632.20771,-3.747202157974243,0.005117678549140692,14.747715950012207,100.0
1783111632.226253,-3.746595859527588,0.004930954426527023,14.749689102172852,100.0
1783111632.244179,-3.7482900619506836,0.0058976756408810616,14.751289367675781,100.0
1783111632.264032,-3.747269630432129,0.005012195091694593,14.749136924743652,100.0
1783111632.284731,-3.7504451274871826,0.0018908430356532335,14.749638557434082,100.0
1783111632.3046331,-3.7486674785614014,0.005201594904065132,14.75248908996582,100.0
1783111632.3257961,-3.749441385269165,0.005414567422121763,14.751051902770996,100.0
1783111632.3448472,-3.7494699954986572,,14.75304889678955,100.0
1783111632.3648992,-3.7506988048553467,,14.755743026733398,100.0
1783111632.384772,-3.7529633045196533,,14.755162239074707,100.0
1783111632.405806,-3.754074811935425,,14.75422477722168,100.0
1783111632.425153,-3.7505311965942383,,14.756052017211914,100.0
1783111632.444455,-3.748840808868408,,14.75284194946289,100.0
1783111632.464566,-3.7458245754241943,,14.751193046569824,100.0
1783111632.4848351,-3.747023820877075,,14.753995895385742,100.0
1783111632.5074182,-3.7469961643218994,,14.752058982849121,100.0
1783111632.5242739,-3.7472574710845947,,14.751896858215332,100.0
1783111632.545138,-3.7493491172790527,,14.750040054321289,100.0
1783111632.564793,-3.7492222785949707,,14.750743865966797,100.0
1783111632.583671,-3.7473034858703613,,14.752640724182129,100.0
1783111632.606665,-3.7477545738220215,,14.754578590393066,100.0
1783111632.625042,-3.745285749435425,,14.757028579711914,100.0
1783111632.6449049,-3.7466697692871094,,14.754473686218262,100.0
1783111632.6641002,-3.7467546463012695,,14.756111145019531,100.0
1783111632.6845021,-3.7482285499572754,,14.754531860351562,100.0
1783111632.7053928,-3.751448392868042,,14.75200366973877,100.0
1783111632.724115,-3.7522506713867188,,14.751358985900879,100.0
1783111632.744958,-3.748779773712158,,14.75111198425293,100.0
1783111632.764274,-3.7480735778808594,,14.7515230178833,100.0
1783111632.784682,-3.748075246810913,,14.750505447387695,100.0
1783111632.8052979,-3.7485151290893555,,14.750723838806152,100.0
1783111632.8251069,-3.7502689361572266,,14.750286102294922,100.0
1783111632.8441548,-3.75186824798584,,14.747694969177246,100.0
1783111632.864193,-3.7525405883789062,,14.748991012573242,100.0
1783111632.884647,-3.7518599033355713,,14.750974655151367,100.0
1783111632.943587,-3.7502455711364746,,14.750182151794434,100.0
1783111632.946574,-3.7488698959350586,,14.75058364868164,100.0
1783111632.9588249,-3.7488698959350586,,14.75058364868164,100.0
1783111632.9643981,-3.7484383583068848,,14.752115249633789,100.0
1783111632.984249,-3.7465498447418213,,14.751272201538086,100.0
1783111633.007328,-3.746303081512451,,14.749434471130371,100.0
1783111633.024524,-3.7472646236419678,,14.74856185913086,100.0
1783111633.044662,-3.7489655017852783,,14.748785018920898,100.0
1783111633.06471,-3.750669240951538,,14.748270034790039,100.0
1783111633.084657,-3.750654697418213,,14.746803283691406,100.0
1783111633.106366,-3.7522706985473633,,14.745368003845215,100.0
1783111633.123929,-3.7509639263153076,,14.748102188110352,100.0
1783111633.143959,-3.7504255771636963,,14.744558334350586,100.0
1783111633.164581,-3.750056266784668,,14.743958473205566,100.0
1783111633.184127,-3.74835205078125,,14.745429039001465,100.0
1783111633.2052531,-3.7466964721679688,,14.747255325317383,100.0
1783111633.2247272,-3.7439780235290527,,14.747655868530273,100.0
1783111633.243856,-3.7420878410339355,,14.749556541442871,100.0
1783111633.263881,-3.7441904544830322,,14.75010871887207,100.0
1783111633.284353,-3.7460663318634033,,14.750787734985352,100.0
1783111633.304537,-3.7459263801574707,,14.753013610839844,100.0
1783111633.324078,-3.7470040321350098,,14.750765800476074,100.0
1783111633.343724,-3.7479681968688965,,14.751672744750977,100.0
1783111633.3654091,-3.746725559234619,,14.751256942749023,100.0
1783111633.384266,-3.7473413944244385,,14.750462532043457,100.0
1783111633.403877,-3.747096538543701,,14.751049041748047,100.0
1783111633.425251,-3.7481629848480225,,14.748481750488281,100.0
1783111633.444496,-3.749469757080078,,14.74756145477295,100.0
1783111633.46464,-3.7508432865142822,,14.748332023620605,100.0
1783111633.484465,-3.751023054122925,,14.747875213623047,100.0
1783111633.505634,-3.7522430419921875,,14.749588012695312,100.0
1783111633.5237608,-3.7529852390289307,,14.74773120880127,100.0
1783111633.544631,-3.7504820823669434,,14.74874496459961,100.0
1783111633.565932,-3.751863479614258,,14.750432968139648,100.0
1783111633.584152,-3.7495570182800293,,14.752767562866211,100.0
1783111633.6047292,-3.7501113414764404,,14.754575729370117,100.0
1783111633.624664,-3.7502758502960205,,14.751522064208984,100.0
1783111633.6450229,-3.7521986961364746,,14.75204086303711,100.0
1783111633.663908,-3.750501871109009,,14.754597663879395,100.0
1783111633.6837199,-3.7497289180755615,,14.752337455749512,100.0
1783111633.707319,-3.752108097076416,,14.749215126037598,100.0
1783111633.726128,-3.7521417140960693,,14.749717712402344,100.0
1783111633.74468,-3.751817226409912,,14.75239372253418,100.0
1783111633.764216,-3.748673915863037,,14.750909805297852,100.0
1783111633.7843,-3.746959686279297,,14.75174331665039,100.0
1783111633.803879,-3.7446072101593018,,14.750994682312012,100.0
1783111633.824822,-3.747232437133789,,14.748428344726562,100.0
1783111633.843957,-3.747668504714966,,14.749102592468262,100.0
1783111633.864535,-3.747870922088623,,14.751333236694336,100.0
1783111633.884604,-3.7482662200927734,,14.7523775100708,100.0
1783111633.904879,-3.748016834259033,,14.750347137451172,100.0
1783111633.924532,-3.745480537414551,,14.747868537902832,100.0
1783111633.944025,-3.7476115226745605,,14.748443603515625,100.0
1783111633.963747,-3.748936891555786,,14.749082565307617,100.0
1783111633.984072,-3.751340389251709,,14.750375747680664,100.0
1783111634.004929,-3.7502779960632324,,14.751801490783691,100.0
1783111634.024544,-3.748875856399536,,14.75393009185791,100.0
1783111634.043971,-3.7483274936676025,,14.753556251525879,100.0
1783111634.0637991,-3.749833583831787,,14.753989219665527,100.0
1783111634.084237,-3.7495131492614746,,14.751128196716309,100.0
1783111634.10589,-3.7488112449645996,,14.75136661529541,100.0
1783111634.123667,-3.750939130783081,,14.752243995666504,100.0
1783111634.14491,-3.7519655227661133,,14.752767562866211,100.0
1783111634.16453,-3.751028537750244,,14.752148628234863,100.0
1783111634.1848419,-3.7511379718780518,,14.749170303344727,100.0
1783111634.206419,-3.749701499938965,,14.748997688293457,100.0
1783111634.224459,-3.751704216003418,,14.749188423156738,100.0
1783111634.24441,-3.7500555515289307,,14.749701499938965,100.0
1783111634.263913,-3.7494394779205322,,14.74953842163086,100.0
1783111634.284299,-3.7506330013275146,,14.748371124267578,100.0
1783111634.306976,-3.7509453296661377,,14.747200012207031,100.0
1783111634.324865,-3.7486002445220947,,14.745478630065918,100.0
1783111634.344502,-3.7496886253356934,,14.74750804901123,100.0
1783111634.3642921,-3.751760959625244,,14.74421215057373,100.0
1783111634.3842418,-3.7506496906280518,,14.744400978088379,100.0
1783111634.404522,-3.749462366104126,,14.745676040649414,100.0
1783111634.4242182,-3.7496798038482666,,14.747807502746582,100.0
1783111634.4444852,-3.748638153076172,,14.746524810791016,100.0
1783111634.464353,-3.7472355365753174,,14.747827529907227,100.0
1783111634.484166,-3.7472410202026367,,14.748353958129883,100.0
1783111634.506337,-3.746948719024658,,14.751117706298828,100.0
1783111634.5245929,-3.7473738193511963,,14.751473426818848,100.0
1783111634.545745,-3.749401807785034,,14.7505464553833,100.0
1783111634.5640619,-3.7502574920654297,,14.752331733703613,100.0
1783111634.584173,-3.7502050399780273,,14.752310752868652,100.0
1783111634.604775,-3.752084732055664,,14.752523422241211,100.0
1783111634.624616,-3.7508769035339355,,14.75284481048584,100.0
1783111634.644187,-3.7486050128936768,,14.751382827758789,100.0
1783111634.664762,-3.7485482692718506,,14.748960494995117,100.0
1783111634.684119,-3.7484290599823,,14.747879981994629,100.0
1783111634.705408,-3.7463953495025635,,14.748185157775879,100.0
1783111634.724351,-3.746246099472046,,14.747725486755371,100.0
1783111634.744271,-3.746284008026123,,14.748688697814941,100.0
1783111634.7647529,-3.748136043548584,,14.750961303710938,100.0
1783111634.784385,-3.7491207122802734,,14.750572204589844,100.0
1783111634.8047721,-3.749453544616699,,14.751053810119629,100.0
1783111634.824667,-3.7479677200317383,,14.750925064086914,100.0
1783111634.843931,-3.7468643188476562,,14.750042915344238,100.0
1783111634.864627,-3.748039960861206,,14.75088119506836,100.0
1783111634.883849,-3.747889518737793,,14.750993728637695,100.0
1783111634.9055638,-3.746244430541992,,14.75186824798584,100.0
1783111634.923936,-3.745271682739258,,14.748889923095703,100.0
1783111634.9447172,-3.747317314147949,,14.74881649017334,100.0
1783111634.965376,-3.748574733734131,,14.74853229522705,100.0
1783111634.984169,-3.74979829788208,,14.747127532958984,100.0
1783111635.003762,-3.7503111362457275,,14.74788761138916,100.0
1783111635.024161,-3.748414993286133,,14.74618911743164,100.0
1783111635.044513,-3.747551679611206,,14.746638298034668,100.0
1783111635.064652,-3.7466845512390137,,14.747478485107422,100.0
1783111635.08397,-3.7456016540527344,,14.745562553405762,100.0
1783111635.1075258,-3.746385335922241,,14.74747371673584,100.0
1783111635.1241589,-3.7449707984924316,,14.744457244873047,100.0
1783111635.143919,-3.743483304977417,,14.743849754333496,100.0
1783111635.165034,-3.74417781829834,,14.74356460571289,100.0
1783111635.183788,-3.7448959350585938,,14.742454528808594,100.0
1783111635.210089,-3.745340347290039,,14.742477416992188,100.0
1783111635.2240279,-3.7467689514160156,,14.742499351501465,100.0
1783111635.244859,-3.7475156784057617,,14.743887901306152,100.0
1783111635.263942,-3.748737335205078,,14.741628646850586,100.0
1783111635.284537,-3.7486093044281006,,14.740403175354004,100.0
1783111635.306232,-3.7493362426757812,7.019215263426304e-05,14.740348815917969,100.0
1783111635.324351,-3.7523484230041504,0.007672945968806744,14.739151000976562,100.0
1783111635.34472,-3.7502119541168213,0.006216643378138542,14.73995304107666,100.0
1783111635.36428,-3.751537561416626,0.0073913875967264175,14.743102073669434,100.0
1783111635.384583,-3.752336263656616,0.006298582069575787,14.74323558807373,100.0
1783111635.4060318,-3.7531516551971436,0.0036576695274561644,14.744413375854492,100.0
1783111635.4245079,-3.7515666484832764,,14.746978759765625,100.0
1783111635.444714,-3.750514507293701,,14.745208740234375,100.0
1783111635.4640708,-3.7494256496429443,,14.74557876586914,100.0
1783111635.484812,-3.7478435039520264,,14.744470596313477,100.0
1783111635.504192,-3.7512383460998535,,14.745606422424316,100.0
1783111635.5246341,-3.749551296234131,,14.744263648986816,100.0
1783111635.544244,-3.747535228729248,,14.74670124053955,100.0
1783111635.563884,-3.7488656044006348,,14.748893737792969,100.0
1783111635.5860338,-3.7505555152893066,,14.750140190124512,100.0
1783111635.604501,-3.7531020641326904,,14.75020694732666,100.0
1783111635.624613,-3.7511887550354004,,14.751300811767578,100.0
1783111635.644563,-3.7528584003448486,,14.75000286102295,100.0
1783111635.663857,-3.750823736190796,,14.751867294311523,100.0
1783111635.6844978,-3.7509548664093018,0.0017598257400095463,14.751676559448242,100.0
1783111635.70381,-3.7521018981933594,0.005383623763918877,14.751603126525879,100.0
1783111635.7249,-3.7551097869873047,0.007886514067649841,14.752897262573242,100.0
1783111635.743742,-3.7536368370056152,0.011188656091690063,14.750415802001953,100.0
1783111635.764553,-3.7540836334228516,0.013986465521156788,14.752084732055664,100.0
1783111635.7849998,-3.7534830570220947,0.0189902912825346,14.753122329711914,100.0
1783111635.805009,-3.7541191577911377,0.011867349967360497,14.753018379211426,100.0
1783111635.825221,-3.754638671875,0.006905131507664919,14.750700950622559,100.0
1783111635.8447318,-3.75297212600708,0.006213076878339052,14.751677513122559,100.0
1783111635.864984,-3.749232292175293,0.01124617364257574,14.75186824798584,100.0
1783111635.884253,-3.748084783554077,0.009220238775014877,14.751492500305176,100.0
1783111635.906461,-3.7466511726379395,0.007097834721207619,14.751602172851562,100.0
1783111635.92479,-3.74790358543396,0.007236076053231955,14.75251579284668,100.0
1783111635.9446888,-3.7466983795166016,0.008371654897928238,14.749341011047363,100.0
1783111635.9643588,-3.747083902359009,0.00522861210629344,14.750844955444336,100.0
1783111635.98368,-3.747345209121704,0.004168645478785038,14.752548217773438,100.0
1783111636.0053911,-3.7472732067108154,0.0034706101287156343,14.751453399658203,100.0
1783111636.028864,-3.7467687129974365,0.006322822999209166,14.749070167541504,100.0
1783111636.044339,-3.746676445007324,0.008774753659963608,14.749266624450684,100.0
1783111636.063956,-3.749103307723999,0.01233786903321743,14.746685981750488,100.0
1783111636.0839,-3.748422861099243,0.012689872644841671,14.74581241607666,100.0
1783111636.105302,-3.7475709915161133,0.011305314488708973,14.749149322509766,100.0
1783111636.130295,-3.746262550354004,0.007344000041484833,14.748557090759277,100.0
1783111636.145335,-3.746485948562622,0.0052828099578619,14.748642921447754,100.0
1783111636.167572,-3.747440814971924,0.009243720211088657,14.749835014343262,100.0
1783111636.186599,-3.7471132278442383,0.01000768132507801,14.752286911010742,100.0
1783111636.2052748,-3.747098445892334,0.007649798411875963,14.751933097839355,100.0
1783111636.225526,-3.7474184036254883,0.011710286140441895,14.750612258911133,100.0
1783111636.245246,-3.7484829425811768,0.015467928722500801,14.75033187866211,100.0
1783111636.2645109,-3.7497613430023193,0.010349576361477375,14.750151634216309,100.0
1783111636.284116,-3.748347520828247,0.005025480408221483,14.748263359069824,100.0
1783111636.305206,-3.7487998008728027,0.0007527530542574823,14.74858283996582,100.0
1783111636.325066,-3.7504665851593018,,14.749360084533691,100.0
1783111636.343841,-3.748202085494995,,14.751019477844238,100.0
1783111636.365024,-3.7474067211151123,,14.751047134399414,100.0
1783111636.384394,-3.746347427368164,,14.749969482421875,100.0
1783111636.403724,-3.746443033218384,,14.751004219055176,100.0
1783111636.424931,-3.746758460998535,,14.750341415405273,100.0
1783111636.444646,-3.7477009296417236,,14.752867698669434,100.0
1783111636.464468,-3.7462894916534424,,14.754870414733887,100.0
1783111636.4847748,-3.7448947429656982,,14.755955696105957,100.0
1783111636.5075572,-3.745206117630005,,14.756505966186523,100.0
1783111636.5247622,-3.743849754333496,,14.754875183105469,100.0
1783111636.544408,-3.746596574783325,4.0126615203917027e-05,14.757606506347656,100.0
1783111636.5638049,-3.7456459999084473,0.008336644619703293,14.75969409942627,100.0
1783111636.584686,-3.74615478515625,0.006710872054100037,14.758132934570312,100.0
1783111636.6057239,-3.748704195022583,0.00736357131972909,14.758111953735352,100.0
1783111636.626903,-3.748323678970337,0.011173386126756668,14.756905555725098,100.0
1783111636.6439629,-3.7500767707824707,0.012438499368727207,14.755780220031738,100.0
1783111636.6644092,-3.749859571456909,0.01002930011600256,14.757255554199219,100.0
1783111636.6839108,-3.748093605041504,0.01022118330001831,14.758345603942871,100.0
1783111636.705705,-3.7465767860412598,0.01986566372215748,14.760124206542969,100.0
1783111636.7248158,-3.746781349182129,0.024113789200782776,14.758199691772461,100.0
1783111636.744798,-3.746180534362793,0.026119297370314598,14.759464263916016,100.0
1783111636.7642822,-3.746398448944092,0.02167908102273941,14.758055686950684,100.0
1783111636.784894,-3.748579978942871,0.02485762909054756,14.754706382751465,100.0
1783111636.805829,-3.7487823963165283,0.019459884613752365,14.751880645751953,100.0
1783111636.824946,-3.7517266273498535,0.013871964067220688,14.750090599060059,100.0
1783111636.844984,-3.7518532276153564,0.014204750768840313,14.751439094543457,100.0
1783111636.8652742,-3.7496085166931152,0.009670138359069824,14.752279281616211,100.0
1783111636.8847911,-3.7489285469055176,0.011063538491725922,14.749072074890137,100.0
1783111636.9041688,-3.751413106918335,0.005590891931205988,14.749958992004395,100.0
1783111636.924438,-3.7500271797180176,0.001369694247841835,14.749178886413574,100.0
1783111636.944889,-3.749643087387085,,14.749654769897461,100.0
1783111636.9644601,-3.7490732669830322,,14.74891185760498,100.0
1783111636.9844532,-3.748518943786621,,14.75184440612793,100.0
1783111637.023011,-3.748248815536499,,14.75203800201416,100.0
1783111637.0262542,-3.7487363815307617,,14.751177787780762,100.0
1783111637.044477,-3.748020887374878,,14.752553939819336,100.0
1783111637.064714,-3.7507569789886475,,14.752992630004883,100.0
1783111637.0854862,-3.7509682178497314,,14.753950119018555,100.0
1783111637.158087,-3.7512645721435547,,14.75538444519043,100.0
1783111637.159082,-3.7512645721435547,,14.75538444519043,100.0
1783111637.159607,-3.7512645721435547,,14.75538444519043,100.0
1783111637.177106,-3.751269578933716,,14.756890296936035,100.0
1783111637.1838279,-3.7515015602111816,,14.754993438720703,100.0
1783111637.205848,-3.7502894401550293,,14.754249572753906,100.0
1783111637.22494,-3.747682571411133,,14.753960609436035,100.0
1783111637.243865,-3.7476906776428223,,14.75049114227295,100.0
1783111637.265395,-3.7489821910858154,,14.750061988830566,100.0
1783111637.284207,-3.747204303741455,,14.748335838317871,100.0
1783111637.3067331,-3.7462127208709717,,14.747821807861328,100.0
1783111637.3274062,-3.74727463722229,,14.751585006713867,100.0
1783111637.344658,-3.7486796379089355,,14.752944946289062,100.0
1783111637.379421,-3.747354745864868,,14.75296688079834,100.0
1783111637.393106,-3.746645212173462,,14.754140853881836,100.0
1783111637.405261,-3.746135711669922,,14.754414558410645,100.0
1783111637.425903,-3.745976448059082,,14.753156661987305,100.0
1783111637.4465978,-3.744706630706787,,14.754432678222656,100.0
1783111637.4645178,-3.743131637573242,,14.755573272705078,100.0
1783111637.484559,-3.7452900409698486,,14.754556655883789,100.0
1783111637.506368,-3.745988607406616,,14.754154205322266,100.0
1783111637.524647,-3.7451438903808594,,14.755850791931152,100.0
1783111637.5450041,-3.7447988986968994,,14.753482818603516,100.0
1783111637.564063,-3.744717597961426,,14.753457069396973,100.0
1783111637.5844722,-3.7447636127471924,,14.756174087524414,100.0
1783111637.607407,-3.7453880310058594,,14.754697799682617,100.0
1783111637.6243122,-3.7468583583831787,,14.756844520568848,100.0
1783111637.645754,-3.748948097229004,,14.757458686828613,100.0
1783111637.66419,-3.7507591247558594,,14.7598876953125,100.0
1783111637.683979,-3.747990131378174,,14.761648178100586,100.0
1783111637.706657,-3.746516704559326,,14.76200008392334,100.0
1783111637.7249029,-3.7445287704467773,,14.760814666748047,100.0
1783111637.7458718,-3.7452704906463623,,14.756857872009277,100.0
1783111637.764129,-3.747091293334961,,14.754922866821289,100.0
1783111637.783824,-3.7470622062683105,,14.756607055664062,100.0
1783111637.805583,-3.7478690147399902,,14.75681209564209,100.0
1783111637.82385,-3.7493419647216797,,14.755692481994629,100.0
1783111637.8449311,-3.7460668087005615,,14.754758834838867,100.0
1783111637.865748,-3.7478418350219727,,14.753580093383789,100.0
1783111637.883926,-3.750234603881836,,14.7518892288208,100.0
1783111637.903797,-3.7521238327026367,,14.751195907592773,100.0
1783111637.924753,-3.7540245056152344,,14.751834869384766,100.0
1783111637.944593,-3.754103183746338,,14.7515869140625,100.0
1783111637.9640598,-3.7547099590301514,,14.751643180847168,100.0
1783111637.984033,-3.755328893661499,,14.754314422607422,100.0
1783111638.005783,-3.7555761337280273,,14.752318382263184,100.0
1783111638.024957,-3.7559988498687744,,14.753067970275879,100.0
1783111638.04456,-3.755826473236084,,14.752655982971191,100.0
1783111638.0642219,-3.7561750411987305,,14.754650115966797,100.0
1783111638.084419,-3.757981777191162,,14.755112648010254,100.0
1783111638.1064541,-3.7566072940826416,,14.754094123840332,100.0
1783111638.124086,-3.754638433456421,,14.7555570602417,100.0
1783111638.144511,-3.7544093132019043,,14.755773544311523,100.0
1783111638.164324,-3.754232406616211,,14.753976821899414,100.0
1783111638.184552,-3.7552995681762695,,14.752493858337402,100.0
1783111638.204198,-3.7538650035858154,,14.754497528076172,100.0
1783111638.224544,-3.7549993991851807,,14.75408935546875,100.0
1783111638.244676,-3.757138252258301,,14.75124740600586,100.0
1783111638.264228,-3.7567858695983887,,14.753326416015625,100.0
1783111638.284582,-3.7573177814483643,,14.753911018371582,100.0
1783111638.3040361,-3.758867025375366,,14.755696296691895,100.0
1783111638.32509,-3.755495548248291,,14.754996299743652,100.0
1783111638.344029,-3.75323224067688,,14.755184173583984,100.0
1783111638.364532,-3.7507524490356445,,14.753952980041504,100.0
1783111638.3845692,-3.7510643005371094,,14.753744125366211,100.0
1783111638.4059892,-3.7484724521636963,,14.754974365234375,100.0
1783111638.4245288,-3.749558925628662,,14.754094123840332,100.0
1783111638.444306,-3.74796462059021,,14.7524995803833,100.0
1783111638.464378,-3.7475037574768066,,14.750971794128418,100.0
1783111638.484859,-3.7481024265289307,,14.749921798706055,100.0
1783111638.508469,-3.7477333545684814,,14.749358177185059,100.0
1783111638.524223,-3.7486202716827393,,14.749417304992676,100.0
1783111638.5439281,-3.747666120529175,,14.747464179992676,100.0
1783111638.56437,-3.746626377105713,,14.746720314025879,100.0
1783111638.5838091,-3.748326301574707,,14.744657516479492,100.0
1783111638.604852,-3.7468674182891846,,14.745088577270508,100.0
1783111638.624775,-3.7468225955963135,,14.74645709991455,100.0
1783111638.644904,-3.7483062744140625,,14.744686126708984,100.0
1783111638.663799,-3.7492125034332275,,14.746100425720215,100.0
1783111638.684742,-3.749724864959717,,14.74413776397705,100.0
1783111638.704083,-3.748292922973633,,14.742835998535156,100.0
1783111638.726937,-3.74963641166687,,14.742606163024902,100.0
1783111638.7450151,-3.7487475872039795,0.002298789331689477,14.745423316955566,100.0
1783111638.764283,-3.747373580932617,0.008477612398564816,14.746170043945312,100.0
1783111638.784308,-3.747830867767334,0.009041417390108109,14.746664047241211,100.0
1783111638.806205,-3.7491562366485596,0.009568793699145317,14.748882293701172,100.0
1783111638.825948,-3.7506182193756104,0.015416876412928104,14.746049880981445,100.0
1783111638.843989,-3.751875877380371,0.013684360310435295,14.746465682983398,100.0
1783111638.864377,-3.7520523071289062,0.016458285972476006,14.745786666870117,100.0
1783111638.883727,-3.7504971027374268,0.017523806542158127,14.744660377502441,100.0
1783111638.903785,-3.7505102157592773,0.017269192263484,14.745219230651855,100.0
1783111638.929255,-3.747105360031128,0.013971149921417236,14.745546340942383,100.0
1783111638.94449,-3.7457947731018066,0.013738001696765423,14.747159957885742,100.0
1783111638.96417,-3.743023157119751,0.01934449002146721,14.74997615814209,100.0
1783111638.984124,-3.7414369583129883,0.019336195662617683,14.75123405456543,100.0
1783111639.004808,-3.742556571960449,0.015547841787338257,14.752827644348145,100.0
1783111639.02722,-3.741305351257324,0.007625300902873278,14.7520170211792,100.0
1783111639.044776,-3.7397072315216064,0.006078001111745834,14.752022743225098,100.0
1783111639.063881,-3.7385175228118896,0.0047414363361895084,14.751579284667969,100.0
1783111639.0846121,-3.7402923107147217,0.0028490200638771057,14.753049850463867,100.0
1783111639.105549,-3.7424330711364746,4.7245644964277744e-05,14.754810333251953,100.0
1783111639.124555,-3.7459468841552734,,14.753154754638672,100.0
1783111639.185031,-3.747718572616577,,14.751017570495605,100.0
1783111639.185432,-3.747718572616577,,14.751017570495605,100.0
1783111639.185815,-3.747718572616577,,14.751017570495605,100.0
1783111639.20635,-3.749082326889038,,14.751291275024414,100.0
1783111639.226633,-3.7504961490631104,,14.749144554138184,100.0
1783111639.2471309,-3.75095272064209,,14.748023986816406,100.0
1783111639.2672498,-3.7491455078125,,14.750007629394531,100.0
1783111639.285173,-3.7477221488952637,,14.749273300170898,100.0
1783111639.306201,-3.748417615890503,,14.752022743225098,100.0
1783111639.3259368,-3.7477974891662598,,14.753280639648438,100.0
1783111639.344813,-3.746062994003296,,14.753973960876465,100.0
1783111639.364115,-3.743809938430786,,14.75124740600586,100.0
1783111639.383832,-3.7434659004211426,,14.750518798828125,100.0
1783111639.4049861,-3.7423832416534424,,14.75064754486084,100.0
1783111639.427437,-3.7446320056915283,,14.749368667602539,100.0
1783111639.44466,-3.7438127994537354,,14.75101375579834,100.0
1783111639.4645,-3.743532419204712,,14.748946189880371,100.0
1783111639.484858,-3.7424848079681396,,14.749175071716309,100.0
1783111639.5069509,-3.7435295581817627,,14.748703956604004,100.0
1783111639.524825,-3.743243932723999,,14.749014854431152,100.0
1783111639.5444,-3.746690273284912,,14.746249198913574,100.0
1783111639.56379,-3.746701717376709,,14.750080108642578,100.0
1783111639.5847502,-3.7486541271209717,,14.751861572265625,100.0
1783111639.6059709,-3.7525041103363037,,14.750781059265137,100.0
1783111639.626168,-3.7520649433135986,,14.748779296875,100.0
1783111639.643886,-3.7507712841033936,,14.749109268188477,100.0
1783111639.665044,-3.7515761852264404,,14.749322891235352,100.0
1783111639.684015,-3.7514498233795166,,14.748547554016113,100.0
1783111639.703704,-3.750413417816162,,14.747685432434082,100.0
1783111639.724652,-3.7531380653381348,,14.746316909790039,100.0
1783111639.7448478,-3.7534964084625244,,14.747314453125,100.0
1783111639.764608,-3.754863739013672,,14.749015808105469,100.0
1783111639.784158,-3.7565412521362305,,14.750190734863281,100.0
1783111639.805536,-3.7577173709869385,,14.74943733215332,100.0
1783111639.8242402,-3.7583653926849365,,14.747624397277832,100.0
1783111639.844673,-3.7563259601593018,,14.747026443481445,100.0
1783111639.865153,-3.7550344467163086,,14.748339653015137,100.0
1783111639.883919,-3.7534890174865723,,14.749098777770996,100.0
1783111639.9041321,-3.7527291774749756,,14.747462272644043,100.0
1783111639.924799,-3.7512047290802,,14.746356010437012,100.0
1783111639.9444659,-3.750189781188965,,14.746678352355957,100.0
1783111639.9642339,-3.7497799396514893,,14.74722671508789,100.0
1783111639.984354,-3.7478272914886475,,14.746662139892578,100.0
1783111640.007105,-3.747891902923584,,14.747817039489746,100.0
1783111640.025548,-3.7519776821136475,,14.74790096282959,100.0
1783111640.044481,-3.7541513442993164,,14.747125625610352,100.0
1783111640.063766,-3.7536511421203613,,14.747952461242676,100.0
1783111640.0840619,-3.7526166439056396,,14.747919082641602,100.0
1783111640.10587,-3.753847599029541,,14.746866226196289,100.0
1783111640.125182,-3.756490707397461,,14.74524974822998,100.0
1783111640.1450481,-3.7553670406341553,,14.745367050170898,100.0
1783111640.164962,-3.7577133178710938,,14.745786666870117,100.0
1783111640.184722,-3.757887840270996,,14.748100280761719,100.0
1783111640.2061388,-3.753509759902954,,14.749478340148926,100.0
1783111640.224323,-3.75008487701416,,14.751495361328125,100.0
1783111640.244412,-3.7509899139404297,,14.753294944763184,100.0
1783111640.263933,-3.753490447998047,,14.755833625793457,100.0
1783111640.283853,-3.7550857067108154,,14.755937576293945,100.0
1783111640.306359,-3.7535674571990967,,14.757035255432129,100.0
1783111640.3242939,-3.7501413822174072,,14.756011009216309,100.0
1783111640.3442109,-3.750112295150757,,14.758340835571289,100.0
1783111640.364117,-3.7492854595184326,,14.759672164916992,100.0
1783111640.384039,-3.751060962677002,,14.759533882141113,100.0
1783111640.405833,-3.7517571449279785,,14.75774097442627,100.0
1783111640.424871,-3.7498106956481934,,14.757455825805664,100.0
1783111640.444921,-3.748103618621826,,14.756695747375488,100.0
1783111640.464596,-3.7481038570404053,,14.757513046264648,100.0
1783111640.4841201,-3.7481634616851807,,14.758135795593262,100.0
1783111640.505192,-3.7492728233337402,,14.75702953338623,100.0
1783111640.523942,-3.7474899291992188,,14.759724617004395,100.0
1783111640.54496,-3.748856544494629,,14.759187698364258,100.0
1783111640.563753,-3.750027656555176,,14.759354591369629,100.0
1783111640.5847301,-3.7487995624542236,,14.759714126586914,100.0
1783111640.607276,-3.751674175262451,,14.758933067321777,100.0
1783111640.625869,-3.7524149417877197,,14.759819030761719,100.0
1783111640.644762,-3.750964879989624,,14.758906364440918,100.0
1783111640.66431,-3.754098892211914,,14.758278846740723,100.0
1783111640.683979,-3.7543752193450928,0.0024312715977430344,14.757521629333496,100.0
1783111640.706443,-3.7531001567840576,0.005303988698869944,14.756486892700195,100.0
1783111640.724829,-3.7539944648742676,0.013946307823061943,14.754175186157227,100.0
1783111640.744585,-3.7531330585479736,0.018094943836331367,14.754491806030273,100.0
1783111640.7645981,-3.749819755554199,0.01889808103442192,14.753602027893066,100.0
1783111640.784278,-3.7499163150787354,0.020434729754924774,14.752374649047852,100.0
1783111640.8051898,-3.748880386352539,0.026640143245458603,14.750639915466309,100.0
1783111640.825705,-3.74685001373291,0.02992655709385872,14.752418518066406,100.0
1783111640.844425,-3.750075578689575,0.029015205800533295,14.751311302185059,100.0
1783111640.8648949,-3.748852491378784,0.027860678732395172,14.749550819396973,100.0
1783111640.883882,-3.748926877975464,0.03048110380768776,14.748021125793457,100.0
1783111640.92911,-3.747941493988037,0.03353840112686157,14.749213218688965,100.0
1783111640.930252,-3.747941493988037,0.03353840112686157,14.749213218688965,100.0
1783111640.944704,-3.74536395072937,0.03313198685646057,14.74920654296875,100.0
1783111640.964436,-3.744347333908081,0.033376410603523254,14.748251914978027,100.0
1783111640.9849632,-3.7440221309661865,0.03749193996191025,14.751760482788086,100.0
1783111641.0105238,-3.7463066577911377,0.04082237556576729,14.750953674316406,100.0
1783111641.024253,-3.745924234390259,0.04894135519862175,14.748534202575684,100.0
1783111641.044322,-3.743476390838623,0.048915449529886246,14.749449729919434,100.0
1783111641.0644,-3.7443573474884033,0.04884561896324158,14.748980522155762,100.0
1783111641.084814,-3.743018865585327,0.04563624784350395,14.747218132019043,100.0
1783111641.1089659,-3.7421071529388428,0.04402700439095497,14.746500015258789,100.0
1783111641.125809,-3.7432501316070557,0.04578597471117973,14.743685722351074,100.0
1783111641.144556,-3.7437479496002197,0.04810628294944763,14.7410306930542,100.0
1783111641.1641338,-3.7453389167785645,0.046162981539964676,14.741591453552246,100.0
1783111641.184748,-3.7450003623962402,0.04478839412331581,14.74224853515625,100.0
1783111641.204936,-3.74426007270813,0.04128498211503029,14.745574951171875,100.0
1783111641.224417,-3.7446787357330322,0.03513209894299507,14.743083000183105,100.0
1783111641.2443671,-3.7444469928741455,0.036832526326179504,14.743010520935059,100.0
1783111641.264547,-3.744936466217041,0.031051810830831528,14.74290657043457,100.0
1783111641.28478,-3.7450592517852783,0.03196096792817116,14.74435043334961,100.0
1783111641.30612,-3.746701240539551,0.034266117960214615,14.744233131408691,100.0
1783111641.325136,-3.7467076778411865,0.033991552889347076,14.74631404876709,100.0
1783111641.345171,-3.7435693740844727,0.03182670846581459,14.747117042541504,100.0
1783111641.364429,-3.7422077655792236,0.028061654418706894,14.750748634338379,100.0
1783111641.384147,-3.743861436843872,0.029648102819919586,14.751028060913086,100.0
1783111641.4063842,-3.746337652206421,0.028310708701610565,14.747977256774902,100.0
1783111641.425128,-3.7458672523498535,0.033524949103593826,14.750121116638184,100.0
1783111641.445018,-3.743488311767578,0.03519298881292343,14.750480651855469,100.0
1783111641.464136,-3.7418696880340576,0.037929825484752655,14.750798225402832,100.0
1783111641.4846752,-3.741550922393799,0.04568159580230713,14.751836776733398,100.0
1783111641.505984,-3.743772506713867,0.04596218839287758,14.752096176147461,100.0
1783111641.5240781,-3.7420706748962402,0.04357568547129631,14.751371383666992,100.0
1783111641.544705,-3.742412567138672,0.046067263931035995,14.751681327819824,100.0
1783111641.5645702,-3.7444941997528076,0.04493597894906998,14.75190258026123,100.0
1783111641.5846348,-3.7457363605499268,0.048496827483177185,14.750043869018555,100.0
1783111641.605839,-3.7477993965148926,0.05071678012609482,14.748483657836914,100.0
1783111641.6248431,-3.7502145767211914,0.047856174409389496,14.750730514526367,100.0
1783111641.644046,-3.7501959800720215,0.047521911561489105,14.751548767089844,100.0
1783111641.663966,-3.748473644256592,0.04730202630162239,14.751598358154297,100.0
1783111641.6842759,-3.748732566833496,0.045666515827178955,14.752409934997559,100.0
1783111641.704012,-3.7488551139831543,0.04473438858985901,14.753412246704102,100.0
1783111641.725317,-3.7477784156799316,0.045999038964509964,14.75429916381836,100.0
1783111641.7446668,-3.7481529712677,0.04941737651824951,14.754810333251953,100.0
1783111641.76455,-3.7472310066223145,0.0504433773458004,14.753205299377441,100.0
1783111641.783766,-3.7453644275665283,0.04867652803659439,14.753172874450684,100.0
1783111641.80471,-3.7438158988952637,0.04933565482497215,14.751949310302734,100.0
1783111641.825532,-3.7455785274505615,0.050731271505355835,14.751812934875488,100.0
1783111641.844239,-3.745527982711792,0.046268586069345474,14.750384330749512,100.0
1783111641.864896,-3.7445292472839355,0.04552120342850685,14.748522758483887,100.0
1783111641.884734,-3.746309757232666,0.04594741761684418,14.74722957611084,100.0
1783111641.90667,-3.7470192909240723,0.0475446991622448,14.746416091918945,100.0
1783111641.926038,-3.7478628158569336,0.04569847136735916,14.747912406921387,100.0
1783111641.9441652,-3.7496612071990967,0.047830112278461456,14.747823715209961,100.0
1783111641.964384,-3.749218702316284,0.046684447675943375,14.748592376708984,100.0
1783111641.9850318,-3.747666358947754,0.04184870421886444,14.749051094055176,100.0
1783111642.006158,-3.7498257160186768,0.039887186139822006,14.751580238342285,100.0
1783111642.025984,-3.749769687652588,0.03884682431817055,14.752509117126465,100.0
1783111642.0444732,-3.7531049251556396,0.0416882298886776,14.749669075012207,100.0
1783111642.063936,-3.7520577907562256,0.042900774627923965,14.751232147216797,100.0
1783111642.084044,-3.75236439704895,0.0443824827671051,14.74968147277832,100.0
1783111642.106959,-3.751371383666992,0.044469140470027924,14.749093055725098,100.0
1783111642.124083,-3.7509539127349854,0.039280250668525696,14.750955581665039,100.0
1783111642.144119,-3.750424861907959,0.03700656071305275,14.75209903717041,100.0
1783111642.1646872,-3.7477145195007324,0.03315253555774689,14.751625061035156,100.0
1783111642.184596,-3.7495663166046143,0.02680335007607937,14.749881744384766,100.0
1783111642.2048352,-3.7497456073760986,0.026602284982800484,14.751206398010254,100.0
1783111642.2246132,-3.750216484069824,0.03067362681031227,14.751633644104004,100.0
1783111642.2442,-3.7476978302001953,0.03700188919901848,14.750031471252441,100.0
1783111642.2650151,-3.7480294704437256,0.041595298796892166,14.752106666564941,100.0
1783111642.283875,-3.7455663681030273,0.04276164621114731,14.752645492553711,100.0
1783111642.307044,-3.7440807819366455,0.045864835381507874,14.752737045288086,100.0
1783111642.32479,-3.7445788383483887,0.041645877063274384,14.753475189208984,100.0
1783111642.344355,-3.74450945854187,0.03504858538508415,14.756036758422852,100.0
1783111642.364906,-3.7437210083007812,0.03197465464472771,14.75436019897461,100.0
1783111642.3841212,-3.742696762084961,0.030518703162670135,14.753437042236328,100.0
1783111642.404087,-3.7457685470581055,0.026781758293509483,14.752386093139648,100.0
1783111642.424514,-3.7469282150268555,0.029000215232372284,14.750781059265137,100.0
1783111642.444381,-3.7486462593078613,0.029778672382235527,14.749519348144531,100.0
1783111642.46494,-3.749579906463623,0.03152082860469818,14.748858451843262,100.0
1783111642.484216,-3.7501933574676514,0.030143825337290764,14.751705169677734,100.0
1783111642.50426,-3.7509515285491943,0.03579043224453926,14.752184867858887,100.0
1783111642.524847,-3.7520689964294434,0.038291774690151215,14.749222755432129,100.0
1783111642.544498,-3.7507526874542236,0.031697750091552734,14.747743606567383,100.0
1783111642.564241,-3.750718355178833,0.03277938440442085,14.74620532989502,100.0
1783111642.5845828,-3.749732732772827,0.040408093482255936,14.74775218963623,100.0
1783111642.605095,-3.7486989498138428,0.04191863536834717,14.747310638427734,100.0
1783111642.62382,-3.747642993927002,0.03539666533470154,14.748623847961426,100.0
1783111642.6437418,-3.747547149658203,0.03448804095387459,14.747323989868164,100.0
1783111642.666164,-3.7468948364257812,0.03655802831053734,14.748040199279785,100.0
1783111642.7051651,-3.745556592941284,0.03508175536990166,14.748027801513672,100.0
1783111642.705782,-3.745556592941284,0.03508175536990166,14.748027801513672,100.0
1783111642.72734,-3.745354413986206,0.03671480715274811,14.746430397033691,100.0
1783111642.744399,-3.744534730911255,0.03743452951312065,14.74908447265625,100.0
1783111642.764127,-3.744588613510132,0.03683304786682129,14.75180721282959,100.0
1783111642.7847831,-3.7448158264160156,0.03379374369978905,14.752047538757324,100.0
1783111642.8061519,-3.743431329727173,0.033570002764463425,14.753249168395996,100.0
1783111642.8309739,-3.7460618019104004,0.031305793672800064,14.755224227905273,100.0
1783111642.845118,-3.7478623390197754,0.028552664443850517,14.755420684814453,100.0
1783111642.864084,-3.7474334239959717,0.0256552305072546,14.752713203430176,100.0
1783111642.8837929,-3.745673656463623,0.02413342148065567,14.753326416015625,100.0
1783111642.905463,-3.745546340942383,0.012434633448719978,14.75313949584961,100.0
1783111642.925727,-3.7445080280303955,0.007077387999743223,14.750965118408203,100.0
1783111642.944166,-3.74554181098938,0.007105486933141947,14.751126289367676,100.0
1783111642.9645598,-3.744192361831665,0.004858262836933136,14.751970291137695,100.0
1783111642.984072,-3.7440903186798096,5.419819353846833e-05,14.751287460327148,100.0
1783111643.006764,-3.7459397315979004,0.003323109820485115,14.752944946289062,100.0
1783111643.025119,-3.745504140853882,0.005253359209746122,14.752422332763672,100.0
1783111643.044855,-3.7470526695251465,0.005748803727328777,14.751692771911621,100.0
1783111643.064584,-3.744654417037964,0.00931804720312357,14.752065658569336,100.0
1783111643.0843,-3.743473768234253,0.009499318897724152,14.75081729888916,100.0
1783111643.1060858,-3.7431178092956543,0.015059761703014374,14.752720832824707,100.0
1783111643.12421,-3.74283504486084,0.016083739697933197,14.754050254821777,100.0
1783111643.1447759,-3.741628408432007,0.015002395957708359,14.754420280456543,100.0
1783111643.16398,-3.7410659790039062,0.018108297139406204,14.754365921020508,100.0
1783111643.184472,-3.742767572402954,0.02222222089767456,14.753779411315918,100.0
1783111643.205748,-3.7426421642303467,0.023200303316116333,14.752127647399902,100.0
1783111643.224488,-3.7452316284179688,0.02016426995396614,14.754048347473145,100.0
1783111643.243986,-3.746849536895752,0.014468289911746979,14.753654479980469,100.0
1783111643.264809,-3.7463884353637695,0.015829909592866898,14.755955696105957,100.0
1783111643.286152,-3.7474076747894287,0.015556231141090393,14.756282806396484,100.0
1783111643.306802,-3.7490181922912598,0.013527664355933666,14.758072853088379,100.0
1783111643.323933,-3.7483768463134766,0.010282548144459724,14.756391525268555,100.0
1783111643.3447459,-3.7515828609466553,,14.757866859436035,100.0
1783111643.364212,-3.751447916030884,,14.754522323608398,100.0
1783111643.384326,-3.752927303314209,,14.753767967224121,100.0
1783111643.404227,-3.754190444946289,,14.752144813537598,100.0
1783111643.425101,-3.753331422805786,,14.751688003540039,100.0
1783111643.4439318,-3.7511563301086426,,14.750152587890625,100.0
1783111643.464449,-3.752902030944824,,14.749343872070312,100.0
1783111643.484242,-3.754295825958252,,14.750118255615234,100.0
1783111643.505684,-3.7526915073394775,,14.751744270324707,100.0
1783111643.52492,-3.7513351440429688,,14.751116752624512,100.0
1783111643.545801,-3.7533047199249268,,14.748128890991211,100.0
1783111643.567703,-3.7503292560577393,,14.74619197845459,100.0
1783111643.5847008,-3.751317024230957,,14.748368263244629,100.0
1783111643.6051788,-3.7513091564178467,,14.748102188110352,100.0
1783111643.627626,-3.751659870147705,,14.747376441955566,100.0
1783111643.6446888,-3.753614664077759,,14.746285438537598,100.0
1783111643.665232,-3.75304913520813,,14.747512817382812,100.0
1783111643.684741,-3.7533881664276123,,14.747498512268066,100.0
1783111643.704021,-3.752567768096924,,14.747222900390625,100.0
1783111643.725237,-3.7549827098846436,,14.744607925415039,100.0
1783111643.7440078,-3.7535107135772705,0.0023225571494549513,14.747495651245117,100.0
1783111643.7642329,-3.7544682025909424,0.0037088636308908463,14.747790336608887,100.0
1783111643.784393,-3.7536261081695557,0.006280945613980293,14.749054908752441,100.0
1783111643.804042,-3.752765417098999,0.013540755026042461,14.751840591430664,100.0
1783111643.824088,-3.7517852783203125,0.014865973964333534,14.75391960144043,100.0
1783111643.844671,-3.7514851093292236,0.015287710353732109,14.75167179107666,100.0
1783111643.864497,-3.750948667526245,0.011592047289013863,14.753092765808105,100.0
1783111643.8841758,-3.7515387535095215,0.010364084504544735,14.755120277404785,100.0
1783111643.905529,-3.7514021396636963,0.0033672151621431112,14.755133628845215,100.0
1783111643.9243991,-3.7510530948638916,0.0009943160694092512,14.752347946166992,100.0
1783111643.944244,-3.7481536865234375,,14.752727508544922,100.0
1783111643.964683,-3.7466554641723633,,14.750958442687988,100.0
1783111643.985027,-3.7495012283325195,0.0001968182623386383,14.751327514648438,100.0
1783111644.0063539,-3.7473158836364746,0.0018003648146986961,14.751119613647461,100.0
1783111644.024543,-3.7488601207733154,,14.750821113586426,100.0
1783111644.0447302,-3.7504677772521973,,14.74958610534668,100.0
1783111644.0645602,-3.7502214908599854,0.004394513089209795,14.746500015258789,100.0
1783111644.084948,-3.750173807144165,0.011329108849167824,14.747146606445312,100.0
1783111644.1054661,-3.7501587867736816,0.011717777699232101,14.74406623840332,100.0
1783111644.1244538,-3.751193046569824,0.00806340854614973,14.745274543762207,100.0
1783111644.144725,-3.7521629333496094,0.006367805879563093,14.743987083435059,100.0
1783111644.164042,-3.7511520385742188,0.0063050733879208565,14.745857238769531,100.0
1783111644.1849952,-3.7485079765319824,0.008226313628256321,14.746624946594238,100.0
1783111644.205528,-3.7515454292297363,0.01862214505672455,14.74374008178711,100.0
1783111644.224689,-3.748350143432617,0.01877603866159916,14.746033668518066,100.0
1783111644.244587,-3.7495269775390625,0.020862430334091187,14.745207786560059,100.0
1783111644.2644029,-3.748537302017212,0.02604306861758232,14.745573997497559,100.0
1783111644.2843468,-3.7500054836273193,0.030706193298101425,14.74545955657959,100.0
1783111644.304468,-3.7490298748016357,0.03288855031132698,14.745139122009277,100.0
1783111644.326036,-3.751551866531372,0.04009547457098961,14.746068954467773,100.0
1783111644.345237,-3.7490172386169434,0.04078052192926407,14.74897575378418,100.0
1783111644.364293,-3.749603748321533,0.0415896512567997,14.751317977905273,100.0
1783111644.384601,-3.750871419906616,0.04082297161221504,14.751492500305176,100.0
1783111644.405695,-3.7528388500213623,0.03521057590842247,14.752198219299316,100.0
1783111644.423993,-3.754417657852173,0.03301084041595459,14.753500938415527,100.0
1783111644.444399,-3.755260944366455,0.02668486349284649,14.752379417419434,100.0
1783111644.463878,-3.757904529571533,0.024167271330952644,14.755439758300781,100.0
1783111644.484868,-3.757735252380371,0.025358635932207108,14.754417419433594,100.0
1783111644.50643,-3.7572968006134033,0.02601892501115799,14.75330638885498,100.0
1783111644.524446,-3.7576141357421875,0.020165039226412773,14.752509117126465,100.0
1783111644.54455,-3.757234573364258,0.01363862119615078,14.752662658691406,100.0
1783111644.564482,-3.7575762271881104,0.010631557554006577,14.753543853759766,100.0
1783111644.584903,-3.755549669265747,0.00561253447085619,14.753049850463867,100.0
1783111644.6050172,-3.7563393115997314,0.004736725240945816,14.750807762145996,100.0
1783111644.624077,-3.7577574253082275,0.0009694190230220556,14.75209903717041,100.0
1783111644.643994,-3.758094549179077,,14.751566886901855,100.0
1783111644.6641479,-3.7582921981811523,,14.75134563446045,100.0
1783111644.684295,-3.7559618949890137,,14.75169849395752,100.0
1783111644.7072058,-3.752685546875,,14.75,100.0
1783111644.725141,-3.7532312870025635,,14.749895095825195,100.0
1783111644.744237,-3.7545220851898193,,14.748337745666504,100.0
1783111644.7644238,-3.75474214553833,,14.747332572937012,100.0
1783111644.78411,-3.7544026374816895,,14.745905876159668,100.0
1783111644.80774,-3.755904197692871,,14.745619773864746,100.0
1783111644.824882,-3.7569358348846436,,14.746530532836914,100.0
1783111644.8445928,-3.756537675857544,,14.747448921203613,100.0
1783111644.864554,-3.757842540740967,,14.747615814208984,100.0
1783111644.8840919,-3.7561166286468506,,14.747998237609863,100.0
1783111644.9064739,-3.7523353099823,,14.747818946838379,100.0
1783111644.9243479,-3.753995656967163,,14.749743461608887,100.0
1783111644.944833,-3.7545037269592285,,14.7494478225708,100.0
1783111644.964371,-3.7569899559020996,,14.747420310974121,100.0
1783111644.984703,-3.7581446170806885,,14.748128890991211,100.0
1783111645.0098739,-3.7577314376831055,,14.747329711914062,100.0
1783111645.023902,-3.7571322917938232,,14.748353004455566,100.0
1783111645.0442638,-3.7532544136047363,,14.74940013885498,100.0
1783111645.06436,-3.751816987991333,,14.751302719116211,100.0
1783111645.083924,-3.7509334087371826,,14.750235557556152,100.0
1783111645.104459,-3.751005172729492,,14.750564575195312,100.0
1783111645.124077,-3.7520499229431152,,14.75085163116455,100.0
1783111645.1446788,-3.7548959255218506,,14.748623847961426,100.0
1783111645.164008,-3.756838321685791,,14.74673843383789,100.0
1783111645.183888,-3.7565689086914062,,14.74936580657959,100.0
1783111645.205344,-3.757445812225342,,14.748405456542969,100.0
1783111645.2248352,-3.7559022903442383,,14.748018264770508,100.0
1783111645.2444658,-3.756051540374756,,14.748185157775879,100.0
1783111645.263735,-3.7569172382354736,0.0002827730495482683,14.749162673950195,100.0
1783111645.285686,-3.7570111751556396,0.009147829376161098,14.747461318969727,100.0
1783111645.305473,-3.7556087970733643,0.017199696972966194,14.749588966369629,100.0
1783111645.3238149,-3.7532551288604736,0.01932171918451786,14.749249458312988,100.0
1783111645.343982,-3.755751132965088,0.014445843175053596,14.750316619873047,100.0
1783111645.364243,-3.753786087036133,0.015515757724642754,14.750938415527344,100.0
1783111645.384984,-3.7520904541015625,0.016607200726866722,14.751240730285645,100.0
1783111645.405535,-3.753533363342285,0.018155109137296677,14.752026557922363,100.0
1783111645.424671,-3.7543344497680664,0.020916594192385674,14.75317096710205,100.0
1783111645.444693,-3.752854824066162,0.023079652339220047,14.753764152526855,100.0
1783111645.4641201,-3.751410722732544,0.0168699249625206,14.750359535217285,100.0
1783111645.4847171,-3.749760627746582,0.01352222915738821,14.75324535369873,100.0
1783111645.5038688,-3.7490179538726807,0.014551780186593533,14.754817962646484,100.0
1783111645.524508,-3.748305559158325,0.013351626694202423,14.752829551696777,100.0
1783111645.5445719,-3.746962070465088,0.00667620450258255,14.752548217773438,100.0
1783111645.564672,-3.7454967498779297,0.004111865535378456,14.751897811889648,100.0
1783111645.584679,-3.7435286045074463,0.0005579865537583828,14.750932693481445,100.0
1783111645.605495,-3.7426576614379883,,14.751652717590332,100.0
1783111645.624697,-3.744776964187622,,14.751936912536621,100.0
1783111645.644577,-3.744521141052246,,14.754121780395508,100.0
1783111645.664426,-3.745234727859497,,14.752798080444336,100.0
1783111645.684076,-3.7468481063842773,,14.751365661621094,100.0
1783111645.70529,-3.748424530029297,,14.751019477844238,100.0
1783111645.724606,-3.746063709259033,,14.74807357788086,100.0
1783111645.7440279,-3.7443478107452393,,14.748505592346191,100.0
1783111645.7647822,-3.7472941875457764,,14.748429298400879,100.0
1783111645.78417,-3.7470035552978516,,14.750163078308105,100.0
1783111645.8059049,-3.7490930557250977,,14.748133659362793,100.0
1783111645.8248231,-3.748900890350342,,14.748157501220703,100.0
1783111645.8455691,-3.7476329803466797,,14.747115135192871,100.0
1783111645.8643851,-3.7486164569854736,,14.74562931060791,100.0
1783111645.883808,-3.746882915496826,,14.74455738067627,100.0
1783111645.905895,-3.746492385864258,,14.742901802062988,100.0
